ID,SIGNAL_NAME,OFFSET_NUM,NB_BYTES,MASK_HEX,SCALING_FACTOR,SCALING_OFFSET,VOLTAGE_DIVIDER_RATIO,UNIT,DEFAULT_VALUE,DISPLAY_TYPE
1,COM_STATUS,0,1,,,,,,160,HEX
2,,,,,,,,,,
3,WHO_AM_I,9,1,,,,,,160,HEX
4,X_STOC,15,2,,1,-32768,,LSB,,INT
5,X_STOF,17,2,,1,-32768,,LSB,,INT
6,Y_STOC,19,2,,1,-32768,,LSB,,INT
7,Y_STOF,21,2,,1,-32768,,LSB,,INT
8,Z_STOC,23,2,,1,-32768,,LSB,,INT
9,Z_STOF,25,2,,1,-32768,,LSB,,INT
10,X_CONTINOUS,32,2,,0.001953125,-64,,g,,FLOAT
11,Y_CONTINOUS,34,2,,0.001953125,-64,,g,,FLOAT
12,Z_CONTINOUS,36,2,,0.001953125,-64,,g,,FLOAT
13,,,,,,,,,,
14,OUT0-7_TLE_DIAG_OSM,46,2,,,,,,35327,HEX
15,OUT0-7_TLE_DIAG_OSM_STATUS,46,1,,,,,,137,HEX
16,OUT0-7_TLE_DIAG_OSM_OUTn,47,1,,,,,,255,HEX
17,OUT0-7_TLE_DIAG_STD,56,2,,,,,,4096,HEX
18,OUT0-7_TLE_DIAG_STD_UVRVS,56,1,0x40,,,,,0,INT
19,OUT0-7_TLE_DIAG_STD_LOPVDD,56,1,0x20,,,,,0,INT
20,OUT0-7_TLE_DIAG_STD_MODE,56,1,0x18,,,,,2,INT
21,OUT0-7_TLE_DIAG_STD_TER,56,1,0x04,,,,,0,INT
22,OUT0-7_TLE_DIAG_STD_OLOFF,56,1,0x01,,,,,0,INT
23,OUT0-7_TLE_DIAG_STD_ERRn,57,1,,,,,,0,HEX
24,,,,,,,,,,
25,,,,,,,,,,
26,DRV3256_INIT_STATUS,60,1,,,,,,160,HEX
27,INIT_DATA,63,1,,,,,,1,HEX
28,DRV3256_ALL_STAT_REG,66,1,,,,,,160,HEX
29,IC_STAT_1_REG,70,1,,,,,,129,HEX
30,SPI_OK,70,1,0x80,,,,,1,INT
31,FAULT,70,1,0x40,,,,,0,INT
32,WARN,70,1,0x20,,,,,0,INT
33,VDS,70,1,0x10,,,,,0,INT
34,VGS,70,1,0x08,,,,,0,INT
35,UVOV,70,1,0x04,,,,,0,INT
36,OTW,70,1,0x02,,,,,0,INT
37,STAT,70,1,0x01,,,,,1,INT
38,VDS_STAT_REG,72,1,,,,,,0,HEX
39,VDS_HA,72,1,0x20,,,,,0,INT
40,VDS_LA,72,1,0x10,,,,,0,INT
41,VDS_HB,72,1,0x08,,,,,0,INT
42,VDS_LB,72,1,0x04,,,,,0,INT
43,VDS_HC,72,1,0x02,,,,,0,INT
44,VDS_LC,72,1,0x01,,,,,0,INT
45,VGS_STAT_1_REG,81,1,,,,,,0,HEX
46,VGS_HA_H,81,1,0x20,,,,,0,INT
47,VGS_LA_H,81,1,0x10,,,,,0,INT
48,VGS_HB_H,81,1,0x08,,,,,0,INT
49,VGS_LB_H,81,1,0x04,,,,,0,INT
50,VGS_HC_H,81,1,0x02,,,,,0,INT
51,VGS_LC_H,81,1,0x01,,,,,0,INT
52,VGS_STAT_2_REG,83,1,,,,,,0,HEX
53,VGS_HA_L,83,1,0x20,,,,,0,INT
54,VGS_LA_L,83,1,0x10,,,,,0,INT
55,VGS_HB_L,83,1,0x08,,,,,0,INT
56,VGS_LB_L,83,1,0x04,,,,,0,INT
57,VGS_HC_L,83,1,0x02,,,,,0,INT
58,VGS_LC_L,83,1,0x01,,,,,0,INT
59,IC_STAT_2_REG,92,1,,,,,,0,HEX
60,OTSD,92,1,0x80,,,,,0,INT
61,INT_REG_FLT,92,1,0x40,,,,,0,INT
62,PHCA_FLT,92,1,0x20,,,,,0,INT
63,PHCB_FLT,92,1,0x10,,,,,0,INT
64,PHCC_FLT,92,1,0x08,,,,,0,INT
65,SLA,92,1,0x04,,,,,0,INT
66,SLB,92,1,0x02,,,,,0,INT
67,SLC,92,1,0x01,,,,,0,INT
68,IC_STAT_3_REG,94,1,,,,,,0,HEX
69,HD_OV,94,1,0x80,,,,,0,INT
70,HD_UV,94,1,0x40,,,,,0,INT
71,BSTA_OV,94,1,0x20,,,,,0,INT
72,BSTA_UV,94,1,0x10,,,,,0,INT
73,BSTB_OV,94,1,0x08,,,,,0,INT
74,BSTB_UV,94,1,0x04,,,,,0,INT
75,BSTC_OV,94,1,0x02,,,,,0,INT
76,BSTC_UV,94,1,0x01,,,,,0,INT
77,IC_STAT_4_REG,103,1,,,,,,0,HEX
78,PVDD_OV,103,1,0x80,,,,,0,INT
79,PVDDS_UV,103,1,0x40,,,,,0,INT
80,PVDD_UV1,103,1,0x20,,,,,0,INT
81,DVDD_OV,103,1,0x10,,,,,0,INT
82,STP_FLT,103,1,0x08,,,,,0,INT
83,DEADT_FLT,103,1,0x04,,,,,0,INT
84,CFG_CRC_FLT,103,1,0x02,,,,,0,INT
85,CLK_MON_FLT,103,1,0x01,,,,,0,INT
86,IC_STAT_5_REG,105,1,,,,,,0,HEX
87,WDT_FLT,105,1,0x80,,,,,0,INT
88,SPIWR_CRC_FLT,105,1,0x40,,,,,0,INT
89,SPI_ADDR_FLT,105,1,0x20,,,,,0,INT
90,SPI_CLK_FLT,105,1,0x10,,,,,0,INT
91,OTP_CRC_FLT,105,1,0x08,,,,,0,INT
92,CLK_BIST_FLT,105,1,0x04,,,,,0,INT
93,ABIST_FLT,105,1,0x02,,,,,0,INT
94,DEV_MODE_FLT,105,1,0x01,,,,,0,INT
95,IC_STAT_6_REG,114,1,,,,,,0,HEX
96,PVDD_UV2,114,1,0x80,,,,,0,INT
97,DH_ASC,114,1,0x40,,,,,0,INT
98,PVDDS_OV,114,1,0x20,,,,,0,INT
99,ASC_FLT,114,1,0x10,,,,,0,INT
100,VDDIO_UV,114,1,0x08,,,,,0,INT
101,DHA,114,1,0x04,,,,,0,INT
102,DHB,114,1,0x02,,,,,0,INT
103,DHC,114,1,0x01,,,,,0,INT
104,IC_STAT_7_REG,116,1,,,,,,0,HEX
105,CP_SFT_CHG,116,1,0x80,,,,,0,INT
106,CPA_STAT,116,1,0x30,,,,,0,INT
107,CPB_STAT,116,1,0x0C,,,,,0,INT
108,CPC_STAT,116,1,0x03,,,,,0,INT
109,IC_STAT_8_REG,125,1,,,,,,0,HEX
110,VGLA,125,1,0x04,,,,,0,INT
111,VGLB,125,1,0x02,,,,,0,INT
112,VGLC,125,1,0x01,,,,,0,INT
113,s16CurRmsEmLpf_MIN,133,2,,0.0625,-2048,,A,,FLOAT
114,s16CurRmsEmLpf_MAX,135,2,,0.0625,-2048,,A,,FLOAT
115,I_LS_U_A_MIN,142,2,,0.000152588,-2.5,0.0090909,A,,FLOAT
116,I_LS_V_A_MIN,144,2,,0.000152588,-2.5,0.0090909,A,,FLOAT
117,I_LS_W_A_MIN,146,2,,0.000152588,-2.5,0.0090909,A,,FLOAT
118,I_LS_U_A_MAX,148,2,,0.000152588,-2.5,0.0090909,A,,FLOAT
119,I_LS_V_A_MAX,150,2,,0.000152588,-2.5,0.0090909,A,,FLOAT
120,I_LS_W_A_MAX,152,2,,0.000152588,-2.5,0.0090909,A,,FLOAT
121,MICRO_TEMPERATURE,159,2,,0.03125,-40,,deg C,,FLOAT
122,VAL_CHECK_REG_ FAULT_STRUCT0_STATUS,166,4,,,,,,,ASCII
123,VAL_CHECK_REG_FAULT_STRUCT0_DATA0,175,4,,,,,,,ASCII
124,VAL_CHECK_REG_FAULT_STRUCT0_DATA1,184,4,,,,,,,ASCII
