RelayNumber,DUT_ID,DeviceSlot,DeviceName,Enabled,SignalName,PhysicalChannel,ChannelType,Topology,PinNumber
1,1,17,2520PXI2Slot17,1,T30,k0,Relay_Output,2520/80-SPST,D5
2,1,17,2520PXI2Slot17,0,Relay1,K1,Relay_Output,2520/80-SPST,D6
3,1,17,2520PXI2Slot17,0,Relay2,k2,Relay_Output,2520/80-SPST,D7
4,1,17,2520PXI2Slot17,0,Relay3,k3,Relay_Output,2520/80-SPST,D8
5,1,17,2520PXI2Slot17,0,Relay4,k4,Relay_Output,2520/80-SPST,D9
6,1,17,2520PXI2Slot17,0,Relay5,k5,Relay_Output,2520/80-SPST,D10
7,1,17,2520PXI2Slot17,0,Relay6,k6,Relay_Output,2520/80-SPST,D11
8,1,17,2520PXI2Slot17,0,Relay7,k7,Relay_Output,2520/80-SPST,D12
9,1,17,2520PXI2Slot17,0,Relay8,k8,Relay_Output,2520/80-SPST,D13
10,1,17,2520PXI2Slot17,0,Relay9,k9,Relay_Output,2520/80-SPST,D14
11,1,17,2520PXI2Slot17,0,Relay10,k10,Relay_Output,2520/80-SPST,D15
12,1,17,2520PXI2Slot17,0,Relay11,k11,Relay_Output,2520/80-SPST,D16
13,1,17,2520PXI2Slot17,0,Relay12,k12,Relay_Output,2520/80-SPST,D17
14,1,17,2520PXI2Slot17,0,Relay13,k13,Relay_Output,2520/80-SPST,E1
15,1,17,2520PXI2Slot17,0,Relay14,k14,Relay_Output,2520/80-SPST,E2
16,1,17,2520PXI2Slot17,0,Relay15,k15,Relay_Output,2520/80-SPST,E3
17,2,17,2520PXI2Slot17,1,T30,k16,Relay_Output,2520/80-SPST,D5
18,2,17,2520PXI2Slot17,0,Relay1,k17,Relay_Output,2520/80-SPST,D6
19,2,17,2520PXI2Slot17,0,Relay2,k18,Relay_Output,2520/80-SPST,D7
20,2,17,2520PXI2Slot17,0,Relay3,k19,Relay_Output,2520/80-SPST,D8
21,2,17,2520PXI2Slot17,0,Relay4,k20,Relay_Output,2520/80-SPST,D9
22,2,17,2520PXI2Slot17,0,Relay5,k21,Relay_Output,2520/80-SPST,D10
23,2,17,2520PXI2Slot17,0,Relay6,k22,Relay_Output,2520/80-SPST,D11
24,2,17,2520PXI2Slot17,0,Relay7,k23,Relay_Output,2520/80-SPST,D12
25,2,17,2520PXI2Slot17,0,Relay8,k24,Relay_Output,2520/80-SPST,D13
26,2,17,2520PXI2Slot17,0,Relay9,k25,Relay_Output,2520/80-SPST,D14
27,2,17,2520PXI2Slot17,0,Relay10,k26,Relay_Output,2520/80-SPST,D15
28,2,17,2520PXI2Slot17,0,Relay11,k27,Relay_Output,2520/80-SPST,D16
29,2,17,2520PXI2Slot17,0,Relay12,k28,Relay_Output,2520/80-SPST,D17
30,2,17,2520PXI2Slot17,0,Relay13,k29,Relay_Output,2520/80-SPST,E1
31,2,17,2520PXI2Slot17,0,Relay14,k30,Relay_Output,2520/80-SPST,E2
32,2,17,2520PXI2Slot17,0,Relay15,k31,Relay_Output,2520/80-SPST,E3
33,3,17,2520PXI2Slot17,1,T30,k32,Relay_Output,2520/80-SPST,D5
34,3,17,2520PXI2Slot17,0,Relay1,k33,Relay_Output,2520/80-SPST,D6
35,3,17,2520PXI2Slot17,0,Relay2,k34,Relay_Output,2520/80-SPST,D7
36,3,17,2520PXI2Slot17,0,Relay3,k35,Relay_Output,2520/80-SPST,D8
37,3,17,2520PXI2Slot17,0,Relay4,k36,Relay_Output,2520/80-SPST,D9
38,3,17,2520PXI2Slot17,0,Relay5,k37,Relay_Output,2520/80-SPST,D10
39,3,17,2520PXI2Slot17,0,Relay6,k38,Relay_Output,2520/80-SPST,D11
40,3,17,2520PXI2Slot17,0,Relay7,k39,Relay_Output,2520/80-SPST,D12
41,3,17,2520PXI2Slot17,0,Relay8,k40,Relay_Output,2520/80-SPST,D13
42,3,17,2520PXI2Slot17,0,Relay9,k41,Relay_Output,2520/80-SPST,D14
43,3,17,2520PXI2Slot17,0,Relay10,k42,Relay_Output,2520/80-SPST,D15
44,3,17,2520PXI2Slot17,0,Relay11,k43,Relay_Output,2520/80-SPST,D16
45,3,17,2520PXI2Slot17,0,Relay12,k44,Relay_Output,2520/80-SPST,D17
46,3,17,2520PXI2Slot17,0,Relay13,k45,Relay_Output,2520/80-SPST,E1
47,3,17,2520PXI2Slot17,0,Relay14,k46,Relay_Output,2520/80-SPST,E2
48,3,17,2520PXI2Slot17,0,Relay15,k47,Relay_Output,2520/80-SPST,E3
49,4,17,2520PXI2Slot17,1,T30,k48,Relay_Output,2520/80-SPST,D5
50,4,17,2520PXI2Slot17,0,Relay1,k49,Relay_Output,2520/80-SPST,D6
51,4,17,2520PXI2Slot17,0,Relay2,k50,Relay_Output,2520/80-SPST,D7
52,4,17,2520PXI2Slot17,0,Relay3,k51,Relay_Output,2520/80-SPST,D8
53,4,17,2520PXI2Slot17,0,Relay4,k52,Relay_Output,2520/80-SPST,D9
54,4,17,2520PXI2Slot17,0,Relay5,k53,Relay_Output,2520/80-SPST,D10
55,4,17,2520PXI2Slot17,0,Relay6,k54,Relay_Output,2520/80-SPST,D11
56,4,17,2520PXI2Slot17,0,Relay7,k55,Relay_Output,2520/80-SPST,D12
57,4,17,2520PXI2Slot17,0,Relay8,k56,Relay_Output,2520/80-SPST,D13
58,4,17,2520PXI2Slot17,0,Relay9,k57,Relay_Output,2520/80-SPST,D14
59,4,17,2520PXI2Slot17,0,Relay10,k58,Relay_Output,2520/80-SPST,D15
60,4,17,2520PXI2Slot17,0,Relay11,k59,Relay_Output,2520/80-SPST,D16
61,4,17,2520PXI2Slot17,0,Relay12,k60,Relay_Output,2520/80-SPST,D17
62,4,17,2520PXI2Slot17,0,Relay13,k61,Relay_Output,2520/80-SPST,E1
63,4,17,2520PXI2Slot17,0,Relay14,k62,Relay_Output,2520/80-SPST,E2
64,4,17,2520PXI2Slot17,0,Relay15,k63,Relay_Output,2520/80-SPST,E3
65,5,17,2520PXI2Slot17,1,T30,k64,Relay_Output,2520/80-SPST,D5
66,5,17,2520PXI2Slot17,0,Relay1,k65,Relay_Output,2520/80-SPST,D6
67,5,17,2520PXI2Slot17,0,Relay2,k66,Relay_Output,2520/80-SPST,D7
68,5,17,2520PXI2Slot17,0,Relay3,k67,Relay_Output,2520/80-SPST,D8
69,5,17,2520PXI2Slot17,0,Relay4,k68,Relay_Output,2520/80-SPST,D9
70,5,17,2520PXI2Slot17,0,Relay5,k69,Relay_Output,2520/80-SPST,D10
71,5,17,2520PXI2Slot17,0,Relay6,k70,Relay_Output,2520/80-SPST,D11
72,5,17,2520PXI2Slot17,0,Relay7,k71,Relay_Output,2520/80-SPST,D12
73,5,17,2520PXI2Slot17,0,Relay8,k72,Relay_Output,2520/80-SPST,D13
74,5,17,2520PXI2Slot17,0,Relay9,k73,Relay_Output,2520/80-SPST,D14
75,5,17,2520PXI2Slot17,0,Relay10,k74,Relay_Output,2520/80-SPST,D15
76,5,17,2520PXI2Slot17,0,Relay11,k75,Relay_Output,2520/80-SPST,D16
77,5,17,2520PXI2Slot17,0,Relay12,k76,Relay_Output,2520/80-SPST,D17
78,5,17,2520PXI2Slot17,0,Relay13,k77,Relay_Output,2520/80-SPST,E1
79,5,17,2520PXI2Slot17,0,Relay14,k78,Relay_Output,2520/80-SPST,E2
80,5,17,2520PXI2Slot17,0,Relay15,k79,Relay_Output,2520/80-SPST,E3
81,6,17,6514PXI2Slot9,1,T30,6514-PXI2Slot9/port4/line0,Digital_Output,2520/80-SPST,D5
82,6,17,6514PXI2Slot9,0,Relay1,6514-PXI2Slot9/port4/line1,Digital_Output,2520/80-SPST,D6
83,6,17,6514PXI2Slot9,0,Relay2,6514-PXI2Slot9/port4/line2,Digital_Output,2520/80-SPST,D7
84,6,17,6514PXI2Slot9,0,Relay3,6514-PXI2Slot9/port4/line3,Digital_Output,2520/80-SPST,D8
85,6,17,6514PXI2Slot9,0,Relay4,6514-PXI2Slot9/port4/line4,Digital_Output,2520/80-SPST,D9
86,6,17,6514PXI2Slot9,0,Relay5,6514-PXI2Slot9/port4/line5,Digital_Output,2520/80-SPST,D10
87,6,17,6514PXI2Slot9,0,Relay6,6514-PXI2Slot9/port4/line6,Digital_Output,2520/80-SPST,D11
88,6,17,6514PXI2Slot9,0,Relay7,6514-PXI2Slot9/port4/line7,Digital_Output,2520/80-SPST,D12
89,6,17,6514PXI2Slot9,0,Relay8,6514-PXI2Slot9/port5/line0,Digital_Output,2520/80-SPST,D13
90,6,17,6514PXI2Slot9,0,Relay9,6514-PXI2Slot9/port5/line1,Digital_Output,2520/80-SPST,D14
91,6,17,6514PXI2Slot9,0,Relay10,6514-PXI2Slot9/port5/line2,Digital_Output,2520/80-SPST,D15
92,6,17,6514PXI2Slot9,0,Relay11,6514-PXI2Slot9/port5/line3,Digital_Output,2520/80-SPST,D16
93,6,17,6514PXI2Slot9,0,Relay12,6514-PXI2Slot9/port5/line4,Digital_Output,2520/80-SPST,D17
94,6,17,6514PXI2Slot9,0,Relay13,6514-PXI2Slot9/port5/line5,Digital_Output,2520/80-SPST,E1
95,100,17,6514PXI2Slot9,1,PDU Instrument Power,6514-PXI2Slot9/port5/line6,Digital_Output,2520/80-SPST,E2
96,100,17,6514PXI2Slot9,1,PDU PowerSupply Power,6514-PXI2Slot9/port5/line7,Digital_Output,2520/80-SPST,E3
97,1,17,6514PXI2Slot9,1,48V Postive,6514-PXI2Slot9/port6/line0,Digital_Output,2520/80-SPST,A1
98,1,17,6514PXI2Slot9,1,48V Negative,6514-PXI2Slot9/port6/line1,Digital_Output,2520/80-SPST,A2
99,2,17,6514PXI2Slot9,1,48V Postive,6514-PXI2Slot9/port6/line2,Digital_Output,2520/80-SPST,A3
100,2,17,6514PXI2Slot9,1,48V Negative,6514-PXI2Slot9/port6/line3,Digital_Output,2520/80-SPST,A4
101,3,17,6514PXI2Slot9,1,48V Postive,6514-PXI2Slot9/port6/line4,Digital_Output,2520/80-SPST,A5
102,3,17,6514PXI2Slot9,1,48V Negative,6514-PXI2Slot9/port6/line5,Digital_Output,2520/80-SPST,A6
103,4,17,6514PXI2Slot9,1,48V Postive,6514-PXI2Slot9/port6/line6,Digital_Output,2520/80-SPST,A7
104,4,17,6514PXI2Slot9,1,48V Negative,6514-PXI2Slot9/port6/line7,Digital_Output,2520/80-SPST,A8
105,5,17,6514PXI2Slot9,1,48V Postive,6514-PXI2Slot9/port7/line0,Digital_Output,2520/80-SPST,A9
106,5,17,6514PXI2Slot9,1,48V Negative,6514-PXI2Slot9/port7/line1,Digital_Output,2520/80-SPST,A10
107,6,17,6514PXI2Slot9,1,48V Postive,6514-PXI2Slot9/port7/line2,Digital_Output,2520/80-SPST,A11
108,6,17,6514PXI2Slot9,1,48V Negative,6514-PXI2Slot9/port7/line3,Digital_Output,2520/80-SPST,A12
109,100,17,6514PXI2Slot9,1,TL Green,6514-PXI2Slot9/port7/line4,Digital_Output,2520/80-SPST,
110,100,17,6514PXI2Slot9,1,TL Red,6514-PXI2Slot9/port7/line5,Digital_Output,2520/80-SPST,
111,100,17,6514PXI2Slot9,1,TL Yellow,6514-PXI2Slot9/port7/line6,Digital_Output,2520/80-SPST,
112,100,17,6514PXI2Slot9,1,TL Buzzer,6514-PXI2Slot9/port7/line7,Digital_Output,2520/80-SPST,
