ID,SIGNAL_NAME,OFFSET_NUM,NB_BYTES,MASK_HEX,SCALING_FACTOR,SCALING_OFFSET,UNIT,VOLTAGE_DIVIDER_RATIO,DEFAULT_VALUE,DISPLAY_TYPE
1,COM_STATUS,0,1,,,,,,160,HEX
2,,1,2,,,,,,,
3,,3,2,,,,,,,
4,CYT2B9_STATUS,5,1,,,,,,160,HEX
5,,6,2,,,,,,,
6,RST_CNT_UNKNOWN,8,1,,,,,,0,INT
7,RST_CNT_PORST,9,1,,,,,,0,INT
8,RST_CNT_VDDRST,10,1,,,,,,0,INT
9,RST_CNT_ExT_RST,11,1,,,,,,0,INT
10,RST_CNT_WDRST,12,1,,,,,,0,INT
11,RST_CNT_SWRST,13,1,,,,,,0,INT
12,ERROR_CAUSE,14,4,,,,,,0,HEX
13,RST_ADDRESS,18,4,,,,,,0,HEX
14,RST_CNT_FAULTRST,22,1,,,,,,0,INT
15,RST_CNT_CSVRST,23,1,,,,,,0,INT
16,,24,2,,,,,,,
17,AN_STATUS,26,1,,,,,,160,HEX
18,,27,2,,,,,,,
19,,29,2,,0.000152588,0,V,,,FLOAT
20,,31,2,,0.000152588,0,V,,,FLOAT
21,,33,4,,,,,,,
22,Min_SIN/HALL0_A,37,2,,0.000152588,0,V,,,FLOAT
23,Max_SIN/HALL0_A,39,2,,0.000152588,0,V,,,FLOAT
24,TIMESTAMP_SIN/HALL0_A,41,4,,,,,,,
25,Min_COSNEG/BRAKE_SW2_A,45,2,,0.000152588,0,V,,,FLOAT
26,Max_COSNEG/BRAKE_SW2_A,47,2,,0.000152588,0,V,,,FLOAT
27,TIMESTAMP_COSNEG/BRAKE_SW2_A,49,4,,,,,,,
28,Min_TEMP_MOTOR_N_A,53,2,,0.000152588,0,V,,,FLOAT
29,Max_TEMP_MOTOR_N_A,55,2,,0.000152588,0,V,,,FLOAT
30,TIMESTAMP_TEMP_MOTOR_N_A,57,4,,,,,,,
31,Min_TGS1_A,61,2,,0.000152588,0,V,,,FLOAT
32,Max_TGS1_A,63,2,,0.000152588,0,V,,,FLOAT
33,TIMESTAMP_TGS1_A,65,4,,,,,,,
34,Min_V_5V_SENSOR1_A,69,2,,0.000152588,0,V,0.909,,FLOAT
35,Max_V_5V_SENSOR1_A,71,2,,0.000152588,0,V,0.909,,FLOAT
36,TIMESTAMP_V_5V_SENSOR1_A,73,4,,,,,,,
37,Min_SIDESTAND_SW_A,77,2,,0.000152588,0,V,,,FLOAT
38,Max_SIDESTAND_SW_A,79,2,,0.000152588,0,V,,,FLOAT
39,TIMESTAMP_SIDESTAND_SW_A,81,4,,,,,,,
40,Min_MODE+_A,85,2,,0.000152588,0,V,,,FLOAT
41,Max_MODE+_A,87,2,,0.000152588,0,V,,,FLOAT
42,TIMESTAMP_MODE+_A,89,4,,,,,,,
43,Min_TEMP_INVERTER_A,93,2,,0.000152588,0,V,,,FLOAT
44,Max_TEMP_INVERTER_A,95,2,,0.000152588,0,V,,,FLOAT
45,TIMESTAMP_TEMP_INVERTER_A,97,4,,,,,,,
46,Min_RUN_SW_A,101,2,,0.000152588,0,V,,,FLOAT
47,Max_RUN_SW_A,103,2,,0.000152588,0,V,,,FLOAT
48,TIMESTAMP_RUN_SW_A,105,4,,,,,,,
49,Min_WAKE_RX_A,109,2,,0.000152588,0,V,,,FLOAT
50,Max_WAKE_RX_A,111,2,,0.000152588,0,V,,,FLOAT
51,TIMESTAMP_WAKE_RX_A,113,4,,,,,,,
52,Min_REGEN_SW_A,117,2,,0.000152588,0,V,,,FLOAT
53,Max_REGEN_SW_A,119,2,,0.000152588,0,V,,,FLOAT
54,TIMESTAMP_REGEN_SW_A,121,4,,,,,,,
55,Min_REVERSE_SW_A,125,2,,0.000152588,0,V,,,FLOAT
56,Max_REVERSE_SW_A,127,2,,0.000152588,0,V,,,FLOAT
57,TIMESTAMP_REVERSE_SW_A,129,4,,,,,,,
58,Min_CRUISE_A,133,2,,0.000152588,0,V,,,FLOAT
59,Max_CRUISE_A,135,2,,0.000152588,0,V,,,FLOAT
60,TIMESTAMP_CRUISE_A,137,4,,,,,,,
61,,141,2,,0.000152588,0,V,,,FLOAT
62,,143,2,,0.000152588,0,V,,,FLOAT
63,,145,4,,,,,,,
64,Min_COS/HALL1_A,149,2,,0.000152588,0,V,,,FLOAT
65,Max_COS/HALL1_A,151,2,,0.000152588,0,V,,,FLOAT
66,TIMESTAMP_COS/HALL1_A,153,4,,,,,,,
67,Min_SINNEG/HALL0_FI_A/IN,157,2,,0.000152588,0,V,,,FLOAT
68,Max_SINNEG/HALL0_FI_A/IN,159,2,,0.000152588,0,V,,,FLOAT
69,TIMESTAMP_SINNEG/HALL0_FI_A/IN,161,4,,,,,,,
70,Min_TEMP_MOTOR_P_A,165,2,,0.000152588,0,V,,,FLOAT
71,Max_TEMP_MOTOR_P_A,167,2,,0.000152588,0,V,,,FLOAT
72,TIMESTAMP_TEMP_MOTOR_P_A,169,4,,,,,,,
73,Min_TGS2_A,173,2,,0.000152588,0,V,,,FLOAT
74,Max_TGS2_A,175,2,,0.000152588,0,V,,,FLOAT
75,TIMESTAMP_TGS2_A,177,4,,,,,,,
76,Min_V_GDU_A,181,2,,0.000152588,0,V,0.2419,,FLOAT
77,Max_V_GDU_A,183,2,,0.000152588,0,V,0.2419,,FLOAT
78,TIMESTAMP_V_GDU_A,185,4,,,,,,,
79,Min_START_SW_A,189,2,,0.000152588,0,V,,,FLOAT
80,Max_START_SW_A,191,2,,0.000152588,0,V,,,FLOAT
81,TIMESTAMP_START_SW_A,193,4,,,,,,,
82,Min_KEY_SW_A,197,2,,0.000152588,0,V,,,FLOAT
83,Max_KEY_SW_A,199,2,,0.000152588,0,V,,,FLOAT
84,TIMESTAMP_KEY_SW_A,201,4,,,,,,,
85,Min_BRAKE_SW_A,205,2,,0.000152588,0,V,,,FLOAT
86,Max_BRAKE_SW_A,207,2,,0.000152588,0,V,,,FLOAT
87,TIMESTAMP_BRAKE_SW_A,209,4,,,,,,,
88,Min_T30_A,213,2,,0.000152588,0,V,0.266666667,,FLOAT
89,Max_T30_A,215,2,,0.000152588,0,V,0.266666667,,FLOAT
90,TIMESTAMP_T30_A,217,4,,,,,,,
91,,221,2,,0.000152588,0,V,,,FLOAT
92,,223,2,,0.000152588,0,V,,,FLOAT
93,,225,4,,,,,,,
94,Min_DC_LINK_A,229,2,,0.000152588,0,V,0.074554,,FLOAT
95,Max_DC_LINK_A,231,2,,0.000152588,0,V,0.074554,,FLOAT
96,TIMESTAMP_DC_LINK_A,233,4,,,,,,,
97,Min_V_5V_SENSOR2_A,237,2,,0.000152588,0,V,0.909,,FLOAT
98,Max_V_5V_SENSOR2_A,239,2,,0.000152588,0,V,0.909,,FLOAT
99,TIMESTAMP_V_5V_SENSOR2_A,241,4,,,,,,,
100,Min_MODE-_A,245,2,,0.000152588,0,V,,,FLOAT
101,Max_MODE-_A,247,2,,0.000152588,0,V,,,FLOAT
102,TIMESTAMP_MODE-_A,249,4,,,,,,,
103,Min_SPARE_INPUT_A,253,2,,0.000152588,0,V,,,FLOAT
104,Max_SPARE_INPUT_A,255,2,,0.000152588,0,V,,,FLOAT
105,TIMESTAMP_SPARE_INPUT_A,257,4,,,,,,,
106,Min_PROXIMITY_PILOT_A,261,2,,0.000152588,0,V,,,FLOAT
107,Max_PROXIMITY_PILOT_A,263,2,,0.000152588,0,V,,,FLOAT
108,TIMESTAMP_PROXIMITY_PILOT_A,265,4,,,,,,,
109,,269,2,,,,,,,
110,DIP_STATUS,271,1,,,,,,,HEX
111,,272,2,,,,,,,
112,Level_N_FAULT1,274,1,0x01,,,DIG,,1,INT
113,Count_N_FAULT1,275,1,,,,CNT,,0,INT
114,Level_N_CAN1_FAULT,276,1,0x01,,,DIG,,1,INT
115,Count_N_CAN1_FAULT,277,1,,,,CNT,,0,INT
116,Level_CAN1_INH_IN,278,1,0x01,,,DIG,,1,INT
117,Count_CAN1_INH_IN,279,1,,,,CNT,,0,INT
118,Level_N_FAULT2,280,1,0x01,,,DIG,,1,INT
119,Count_N_FAULT2,281,1,,,,CNT,,0,INT
120,Level_N_ASCIN,282,1,0x01,,,DIG,,1,INT
121,Count_N_ASCIN,283,1,,,,CNT,,0,INT
122,,284,2,,,,,,,
123,FREQ_STATUS,286,1,,,,,,,HEX
124,,287,2,,,,,,,
125,Min_PERIOD_WHEEL_SPEED_DIG_IN,289,4,,,,uSec,,,FLOAT
126,Max_PERIOD_WHEEL_SPEED_DIG_IN,293,4,,,,uSec,,,FLOAT
127,Min_HIGH_TIME_WHEEL_SPEED_DIG_IN,297,4,,,,uSec,,,FLOAT
128,Max_HIGH_TIME_WHEEL_SPEED_DIG_IN,301,4,,,,uSec,,,FLOAT
129,TIMESTAMP_WHEEL_SPEED_DIG_IN,305,4,,,,,,,
